paper_id,cds_mean,cds_max,ebv_mean,csv_mean
0001ca33ba34ce0351e4612b744b3936-Paper-Conference,0.31999999999999995,0.6,0.17,0.49
001608167bb652337af5df0129aeaabd-Paper-Conference,0.18,0.18,0.34,0.52
0021c2cb1b9b6a71ac478ea52a93b25a-Paper-Conference,0.09500000000000006,0.2,0.41,0.505
002262941c9edfd472a79298b2ac5e17-Paper-Conference,0.09,0.09,0.31,0.4
0073cc73e1873b35345209b50a3dab66-Paper-Conference,0.29,0.29,0.32,0.61
007f4927e60699392425f267d43f0940-Paper-Conference,0.2,0.2,0.2,0.4
